{"val_loss": [0.34151586809158324, 0.29872137711048125, 0.2852970680952072, 0.2815939587712288, 0.2758458632707596, 0.2716779810667038, 0.2748795696854591, 0.269186994099617, 0.27072107539176943, 0.2672691639304161, 0.26737411304712294, 0.26707451585531233, 0.26678400201797486, 0.2690982691526413, 0.26905733680725097, 0.2706179519414902, 0.26882091077566145, 0.2722546554207802, 0.2704046446442604, 0.26833737888336184], "acc": [0.8467833333015442, 0.9074666666666666, 0.9151333333015442, 0.9195, 0.9224166666348775, 0.9232666666666667, 0.9252, 0.9258, 0.9268666666348775, 0.9276999999682108, 0.9285666666666667, 0.9289, 0.9303333333651225, 0.9300500000317892, 0.9300166666348775, 0.9311333333015442, 0.9308833333651225, 0.9316499999682109, 0.93135, 0.9316999999682108], "val_acc": [0.9089, 0.9157, 0.9197, 0.9216, 0.9223, 0.9238, 0.9225, 0.926, 0.9242, 0.9263, 0.9265, 0.9274, 0.9278, 0.9264, 0.9262, 0.9268, 0.9274, 0.9271, 0.9263, 0.9286], "loss": [0.6040971215089163, 0.3306677723089854, 0.301753567647934, 0.2884686621348063, 0.2802200551668803, 0.2746561565717061, 0.2703337791840235, 0.26776476181348163, 0.2649792748530706, 0.2626621500968933, 0.2607938470522563, 0.25942751441001893, 0.2577597627480825, 0.25667702544530235, 0.2561362370967865, 0.2547820861617724, 0.2540278641382853, 0.25325507231553396, 0.25242170958518984, 0.25199630165894826]}