{"val_acc": [0.9637, 0.9738, 0.9802, 0.9809, 0.9777, 0.9799, 0.9826, 0.9819, 0.984, 0.9838, 0.9833, 0.9834, 0.9827, 0.9818, 0.9824, 0.9833, 0.9818, 0.9825, 0.9843, 0.9849], "acc": [0.9237833333333333, 0.9684833333651225, 0.9774, 0.9817666666984558, 0.9847833333015442, 0.9865166666984558, 0.9884666666666667, 0.9900666666666667, 0.9910833333333333, 0.9914333333333334, 0.9925, 0.9925166666666667, 0.9929833333333333, 0.9939666666348775, 0.9938333333015442, 0.9942666666666666, 0.99455, 0.9950833333333333, 0.9953333333333333, 0.9952166666348775], "val_loss": [0.12000545906871557, 0.08909623084338382, 0.0721209229072556, 0.07459499555268558, 0.0875002549277735, 0.08590005360996002, 0.0773932624356632, 0.07767098258765619, 0.07887551689067478, 0.0787609012361475, 0.09927263037127339, 0.09179034749908642, 0.09134467126499816, 0.10546863833112366, 0.09274091255732494, 0.0848957288924661, 0.10834885574209456, 0.11248344091470767, 0.09464882002012519, 0.1072628511678988], "loss": [0.24616088393529256, 0.10073442598978678, 0.07574806951532762, 0.05989560483445724, 0.050004097104569274, 0.04301434055318435, 0.03845277175133427, 0.033843748241042096, 0.03073783977626202, 0.029328538574340444, 0.02473844183618591, 0.024008132012494996, 0.024655628436012194, 0.02177935360177653, 0.02277582661160753, 0.020341809011079993, 0.020281898120657327, 0.01903634208069998, 0.019388151479007985, 0.017060154090084444]}