{"val_loss": [0.056077163936570286, 0.04384232204472646, 0.04432749697919935, 0.030072659553354607, 0.02844974764904473, 0.02981380525851855, 0.03162190936027327, 0.028228136481500406, 0.028015757604775718, 0.02851611916689144, 0.026877004175580806, 0.02705837081367499, 0.02727419446719141, 0.02838110987855689, 0.029143234387611665, 0.027802592724682836, 0.028608168481356187, 0.027298248623926154, 0.02869085390483251, 0.0307948135790989], "acc": [0.9184833333651224, 0.9737166666984558, 0.9805833333015442, 0.9830999999682108, 0.9859, 0.9869666666348775, 0.9878833333015442, 0.9899333333333333, 0.9899166666348775, 0.9908666666666667, 0.9910333333333333, 0.99155, 0.9918333333015442, 0.9923, 0.9927833333333334, 0.9928666666348775, 0.99345, 0.99375, 0.9933166666348775, 0.9940666666348775], "val_acc": [0.982, 0.9854, 0.9854, 0.9893, 0.9902, 0.9897, 0.9898, 0.9902, 0.991, 0.9904, 0.9915, 0.9908, 0.9906, 0.9912, 0.9915, 0.9921, 0.9924, 0.9916, 0.9919, 0.9909], "loss": [0.265161863809824, 0.08766200347940127, 0.06571091481049855, 0.05666861295104027, 0.04669246505498886, 0.042491894409060475, 0.03887140534743667, 0.0352586637755235, 0.032110850002864996, 0.030185089956472316, 0.028394510356957715, 0.027153271119793255, 0.02596808664339284, 0.024440242245979606, 0.02366403673676153, 0.02287124739686648, 0.022132011017700036, 0.020326779984434447, 0.02120111111452182, 0.019576383209973573]}